Handle,Title,Body (HTML),Vendor,Product Category,Type,Tags,Published,Option1 Name,Option1 Value,Variant SKU,Variant Inventory Tracker,Variant Inventory Policy,Variant Fulfillment Service,Variant Price,Variant Requires Shipping,Variant Taxable,Image Src,Image Position,Image Alt Text,Status,Model number (product.metafields.custom.model_number),Application (product.metafields.custom.applications),Specifications (product.metafields.custom.specifications),Features (product.metafields.custom.features),Source slug (product.metafields.custom.source_slug)
"pse-147-7-8","8-Cylinder Welding Cage","<p>A secure vertical cage sized for eight 147.7 lb welding cylinders.</p><h3>Applications</h3><p>Welding shops, fabrication facilities, maintenance departments, and construction operations.</p>","Pro Steel Equipment","","Gas Cages & Carriers","migration-2026, gas-cage, Welding","FALSE","Title","Default Title","PSE 147.7-8","shopify","deny","manual","1520","TRUE","TRUE","https://vpmetals-shopify.vercel.app/images/catalog/gas/pse-147-7-8.webp","1","ProSteel cage for eight welding cylinders","draft","PSE 147.7-8","Welding shops, fabrication facilities, maintenance departments, and construction operations.","<ul><li><strong>Cylinder:</strong> 147.7 lb welding tank</li><li><strong>Capacity:</strong> 8 cylinders</li><li><strong>Height:</strong> 72 in</li><li><strong>Width:</strong> 52 in</li><li><strong>Depth:</strong> 27.5 in</li></ul>","<ul><li>Exceptional solid metal fabrication</li><li>Meticulously primed and painted for severe weather exposure</li><li>Safety signage positioned at the top of the cage</li><li>Built for maximum durability</li><li>Backed by ProSteel's lifetime warranty</li></ul>","pse-147-7-8"
"pse-147-7-20","20-Cylinder Welding Cage","<p>The highest-capacity welding-cylinder cage in the catalogue, configured for twenty 147.7 lb tanks.</p><h3>Applications</h3><p>High-volume fabrication, industrial gas storage, major construction projects, and distribution sites.</p>","Pro Steel Equipment","","Gas Cages & Carriers","migration-2026, gas-cage, Welding","FALSE","Title","Default Title","PSE 147.7-20","shopify","deny","manual","1955","TRUE","TRUE","https://vpmetals-shopify.vercel.app/images/catalog/gas/pse-147-7-20.webp","1","Large ProSteel cage for twenty welding cylinders","draft","PSE 147.7-20","High-volume fabrication, industrial gas storage, major construction projects, and distribution sites.","<ul><li><strong>Cylinder:</strong> 147.7 lb welding tank</li><li><strong>Capacity:</strong> 20 cylinders</li><li><strong>Height:</strong> 72 in</li><li><strong>Width:</strong> 64 in</li><li><strong>Depth:</strong> 40 in</li></ul>","<ul><li>Exceptional solid metal fabrication</li><li>Meticulously primed and painted for severe weather exposure</li><li>Safety signage positioned at the top of the cage</li><li>Built for maximum durability</li><li>Backed by ProSteel's lifetime warranty</li></ul>","pse-147-7-20"
"pse-147-7-16","16-Cylinder Welding Cage","<p>A durable full-height enclosure for sixteen large welding cylinders.</p><h3>Applications</h3><p>Fabrication facilities, industrial gas programs, maintenance operations, and manufacturing plants.</p>","Pro Steel Equipment","","Gas Cages & Carriers","migration-2026, gas-cage, Welding","FALSE","Title","Default Title","PSE 147.7-16","shopify","deny","manual","1350","TRUE","TRUE","https://vpmetals-shopify.vercel.app/images/catalog/gas/pse-147-7-16.webp","1","Green ProSteel cage for sixteen welding cylinders","draft","PSE 147.7-16","Fabrication facilities, industrial gas programs, maintenance operations, and manufacturing plants.","<ul><li><strong>Cylinder:</strong> 147.7 lb welding tank</li><li><strong>Capacity:</strong> 16 cylinders</li><li><strong>Height:</strong> 73 in</li><li><strong>Width:</strong> 45 in</li><li><strong>Depth:</strong> 35 in</li></ul>","<ul><li>Exceptional solid metal fabrication</li><li>Meticulously primed and painted for severe weather exposure</li><li>Safety signage positioned at the top of the cage</li><li>Built for maximum durability</li><li>Backed by ProSteel's lifetime warranty</li></ul>","pse-147-7-16"
"pse-al-147-7-16","Aluminum Oxygen Cylinder Cage","<p>A laser-cut aluminum cage designed for secure storage of eight 135 lb oxygen cylinders.</p><h3>Applications</h3><p>Hospitals, medical facilities, laboratories, clinics, and industrial oxygen-cylinder storage.</p>","Pro Steel Equipment","","Gas Cages & Carriers","migration-2026, gas-cage, Medical Gas, featured","FALSE","Title","Default Title","PSE AL 147.7-16","shopify","deny","manual","1750","TRUE","TRUE","https://vpmetals-shopify.vercel.app/images/catalog/gas/pse-al-147-7-16.webp","1","Laser-cut aluminum ProSteel oxygen cylinder cage","draft","PSE AL 147.7-16","Hospitals, medical facilities, laboratories, clinics, and industrial oxygen-cylinder storage.","<ul><li><strong>Cylinder:</strong> 135 lb oxygen tank</li><li><strong>Capacity:</strong> 8 cylinders</li><li><strong>Height:</strong> 76 in</li><li><strong>Width:</strong> 31 in</li><li><strong>Depth:</strong> 27 in</li></ul>","<ul><li>Laser-cut aluminum sheet construction</li><li>Safety signage positioned at the top of the cage</li><li>Built for maximum durability</li><li>Backed by ProSteel's lifetime warranty</li></ul>","pse-al-147-7-16"
"economy-a-frame","Economy A-Frame","<p>A double-sided slab rack for stone, wood, and glass with a high rated capacity on each side.</p><h3>Applications</h3><p>Stone shops, glass operations, wood panel handling, fabrication facilities, and warehouse storage.</p>","Pro Steel Equipment","","Material Racks & Transport","migration-2026, material-rack, A-Frame, featured","FALSE","Title","Default Title","Economy A-Frame","shopify","deny","manual","550","TRUE","TRUE","https://vpmetals-shopify.vercel.app/images/catalog/racks/economy-a-frame.webp","1","Orange Economy A-Frame holding stone slabs","draft","Economy A-Frame","Stone shops, glass operations, wood panel handling, fabrication facilities, and warehouse storage.","<ul><li><strong>Capacity:</strong> 12,000 lb per side</li><li><strong>Dimensions:</strong> 60 L x 60 W x 58 H in</li><li><strong>Frame:</strong> 2 x 2 in square pipe</li><li><strong>Base:</strong> 3 in U-channel</li></ul>","<ul><li>Full slab support design</li><li>Weather-resistant protective coating</li><li>Drainage holes in the base rails help reduce corrosion</li><li>Lean-back geometry supports stable material positioning</li><li>Custom sizes are available on request</li></ul>","economy-a-frame"
"single-sided-a-frame","Single-Sided A-Frame","<p>A wall-oriented single-sided rack providing high-capacity slab support where floor space is limited.</p><h3>Applications</h3><p>Stone showrooms, glass shops, warehouses, and wall-side material storage.</p>","Pro Steel Equipment","","Material Racks & Transport","migration-2026, material-rack, A-Frame","FALSE","Title","Default Title","Single-Sided A-Frame","shopify","deny","manual","490","TRUE","TRUE","https://vpmetals-shopify.vercel.app/images/catalog/racks/single-sided-a-frame.webp","1","Single-sided A-frame with stone samples","draft","Single-Sided A-Frame","Stone showrooms, glass shops, warehouses, and wall-side material storage.","<ul><li><strong>Capacity:</strong> 12,000 lb</li><li><strong>Dimensions:</strong> 48 W x 60 H in</li><li><strong>Frame:</strong> 2 x 2 in square pipe</li><li><strong>Base:</strong> 3 in U-channel</li></ul>","<ul><li>Full slab support design</li><li>Weather-resistant protective coating</li><li>Drainage holes in the base rails help reduce corrosion</li><li>Lean-back geometry supports stable material positioning</li><li>Custom sizes are available on request</li></ul>","single-sided-a-frame"
"heavy-duty-a-frame","Heavy Duty A-Frame","<p>A robust double-sided A-frame developed for demanding slab and panel storage.</p><h3>Applications</h3><p>Stone, glass, architectural millwork, manufacturing, and heavy panel storage.</p>","Pro Steel Equipment","","Material Racks & Transport","migration-2026, material-rack, A-Frame, featured","FALSE","Title","Default Title","Heavy Duty A-Frame","shopify","deny","manual","1450","TRUE","TRUE","https://vpmetals-shopify.vercel.app/images/catalog/racks/heavy-duty-a-frame.webp","1","Heavy-duty A-frame rack in a production facility","draft","Heavy Duty A-Frame","Stone, glass, architectural millwork, manufacturing, and heavy panel storage.","<ul><li><strong>Capacity:</strong> 12,000 lb per side</li><li><strong>Dimensions:</strong> 72 L x 48 W x 48 H in</li><li><strong>Frame:</strong> 2 x 2 in square pipe</li></ul>","<ul><li>Full slab support design</li><li>Weather-resistant protective coating</li><li>Drainage holes in the base rails help reduce corrosion</li><li>Lean-back geometry supports stable material positioning</li><li>Custom sizes are available on request</li></ul>","heavy-duty-a-frame"
"double-sided-transport-rack","Double-Sided Transport & Storage Rack","<p>A double-sided A-frame engineered to combine material storage with forklift transport.</p><h3>Applications</h3><p>Glass fabrication, stone operations, window and door manufacturing, and internal logistics.</p>","Pro Steel Equipment","","Material Racks & Transport","migration-2026, material-rack, Transport Rack, featured","FALSE","Title","Default Title","Double-Sided Transport Rack","shopify","deny","manual","1690","TRUE","TRUE","https://vpmetals-shopify.vercel.app/images/catalog/racks/double-sided-transport-rack.webp","1","Double-sided rack transporting glass by forklift","draft","Double-Sided Transport Rack","Glass fabrication, stone operations, window and door manufacturing, and internal logistics.","<ul><li><strong>Capacity:</strong> 9,000 lb</li><li><strong>Dimensions:</strong> 96 L x 48 W x 60 H in</li><li><strong>Frame:</strong> 1.5 x 1.5 in square pipe</li></ul>","<ul><li>Full slab support design</li><li>Weather-resistant protective coating</li><li>Drainage holes in the base rails help reduce corrosion</li><li>Lean-back geometry supports stable material positioning</li><li>Custom sizes are available on request</li></ul>","double-sided-transport-rack"
"modular-transport-rack","Metal Modular Transport Rack","<p>A modular rack designed for supported transport of slab and panel materials.</p><h3>Applications</h3><p>On-site delivery, stone and glass transport, fabrication shops, and field installation crews.</p>","Pro Steel Equipment","","Material Racks & Transport","migration-2026, material-rack, Transport Rack","FALSE","Title","Default Title","Modular Transport Rack","shopify","deny","manual","1250","TRUE","TRUE","https://vpmetals-shopify.vercel.app/images/catalog/racks/modular-transport-rack.webp","1","Modular transport rack loaded on a pickup truck","draft","Modular Transport Rack","On-site delivery, stone and glass transport, fabrication shops, and field installation crews.","<ul><li><strong>Capacity:</strong> 7,600 lb per side</li><li><strong>Dimensions:</strong> 72 L x 48 W x 60 H in</li><li><strong>Frame:</strong> 2 x 2 in square pipe</li><li><strong>Base:</strong> 3 in U-channel</li></ul>","<ul><li>Weather-resistant protective coating</li><li>Drainage holes in the base rails help reduce corrosion</li><li>Lean-back geometry supports stable material positioning</li><li>Custom sizes are available on request</li></ul>","modular-transport-rack"
"mobile-a-frame","Mobile A-Frame Transport Rack","<p>A mobile A-frame that brings slab storage directly into the production workflow.</p><h3>Applications</h3><p>Stone fabrication, glass processing, production lines, staging, and shop-floor movement.</p>","Pro Steel Equipment","","Material Racks & Transport","migration-2026, material-rack, Mobile Rack, featured","FALSE","Title","Default Title","Mobile A-Frame","shopify","deny","manual","1800","TRUE","TRUE","https://vpmetals-shopify.vercel.app/images/catalog/racks/mobile-a-frame.webp","1","Blue mobile A-frame carrying stone slabs","draft","Mobile A-Frame","Stone fabrication, glass processing, production lines, staging, and shop-floor movement.","<ul><li><strong>Capacity:</strong> 7,000 lb per side</li><li><strong>Dimensions:</strong> 72 L x 48 W x 60 H in</li><li><strong>Frame:</strong> 1.5 x 1.5 in square pipe</li></ul>","<ul><li>Mobile caster-supported design</li><li>Full slab support design</li><li>Weather-resistant protective coating</li><li>Drainage holes in the base rails help reduce corrosion</li><li>Lean-back geometry supports stable material positioning</li><li>Custom sizes are available on request</li></ul>","mobile-a-frame"
"mobile-l-frame","Mobile L-Frame Transport Rack","<p>A mobile single-sided L-frame without a centre post, created for efficient access in constrained spaces.</p><h3>Applications</h3><p>Narrow warehouses, glass and stone production, staging aisles, and wall-side storage.</p>","Pro Steel Equipment","","Material Racks & Transport","migration-2026, material-rack, Mobile Rack","FALSE","Title","Default Title","Mobile L-Frame","shopify","deny","manual","1345","TRUE","TRUE","https://vpmetals-shopify.vercel.app/images/catalog/racks/mobile-l-frame.webp","1","Single-sided mobile rack for narrow warehouse use","draft","Mobile L-Frame","Narrow warehouses, glass and stone production, staging aisles, and wall-side storage.","<ul><li><strong>Capacity:</strong> 3,000 lb per side</li><li><strong>Dimensions:</strong> 72 L x 30 W x 60 H in</li><li><strong>Front pole:</strong> 30 in</li><li><strong>Frame:</strong> 2 x 2 in square pipe</li></ul>","<ul><li>No centre post</li><li>Full slab support design</li><li>Weather-resistant protective coating</li><li>Drainage holes in the base rails help reduce corrosion</li><li>Lean-back geometry supports stable material positioning</li><li>Custom sizes are available on request</li></ul>","mobile-l-frame"
"stone-fabrication-a-frame","Stone Fabrication A-Frame","<p>A compact double-sided A-frame configured for stone fabrication environments.</p><h3>Applications</h3><p>Stone fabrication facilities, countertop production, slab staging, and work-in-progress storage.</p>","Pro Steel Equipment","","Material Racks & Transport","migration-2026, material-rack, A-Frame","FALSE","Title","Default Title","Double-Sided Stone A-Frame","shopify","deny","manual","475","TRUE","TRUE","https://vpmetals-shopify.vercel.app/images/catalog/racks/stone-fabrication-a-frame.webp","1","Double-sided rack for stone fabrication facilities","draft","Double-Sided Stone A-Frame","Stone fabrication facilities, countertop production, slab staging, and work-in-progress storage.","<ul><li><strong>Capacity:</strong> 9,000 lb per side</li><li><strong>Dimensions:</strong> 60 W x 58 H in</li><li><strong>Frame:</strong> 2 x 2 in square pipe</li><li><strong>Base:</strong> 3 in U-channel</li></ul>","<ul><li>Weather-resistant protective coating</li><li>Drainage holes in the base rails help reduce corrosion</li><li>Lean-back geometry supports stable material positioning</li><li>Custom sizes are available on request</li></ul>","stone-fabrication-a-frame"
"solo-shelf-rack","Solo Shelf Rack","<p>A two-piece single-sided rack system for flexible slab and panel positioning.</p><h3>Applications</h3><p>Paint shops, fabrication facilities, narrow work areas, and flexible material staging.</p>","Pro Steel Equipment","","Material Racks & Transport","migration-2026, material-rack, Single-Sided Rack","FALSE","Title","Default Title","Solo Shelf Rack - 2 Piece","shopify","deny","manual","1550","TRUE","TRUE","https://vpmetals-shopify.vercel.app/images/catalog/racks/solo-shelf-rack.webp","1","Two-piece Solo Shelf Rack in a paint facility","draft","Solo Shelf Rack - 2 Piece","Paint shops, fabrication facilities, narrow work areas, and flexible material staging.","<ul><li><strong>Capacity:</strong> 5,200 lb per side</li><li><strong>Dimensions:</strong> 34 L x 39 W x 57 H in</li><li><strong>Frame:</strong> 2 x 2 in square pipe</li></ul>","<ul><li>Weather-resistant protective coating</li><li>Drainage holes in the base rails help reduce corrosion</li><li>Lean-back geometry supports stable material positioning</li><li>Custom sizes are available on request</li></ul>","solo-shelf-rack"
"one-side-l-frame","One-Side L-Frame for Glass","<p>A high-capacity single-sided L-frame developed for glass sheets and large panels.</p><h3>Applications</h3><p>Glass manufacturing, glazing operations, window and door production, and sheet storage.</p>","Pro Steel Equipment","","Material Racks & Transport","migration-2026, material-rack, Single-Sided Rack","FALSE","Title","Default Title","One-Side L-Frame","shopify","deny","manual","1350","TRUE","TRUE","https://vpmetals-shopify.vercel.app/images/catalog/racks/one-side-l-frame.webp","1","One-side L-frame carrying large glass sheets","draft","One-Side L-Frame","Glass manufacturing, glazing operations, window and door production, and sheet storage.","<ul><li><strong>Capacity:</strong> 8,500 lb per side</li><li><strong>Dimensions:</strong> 72 L x 30 W x 60 H in</li><li><strong>Frame:</strong> 2 x 2 in square pipe</li></ul>","<ul><li>Full slab support design</li><li>Weather-resistant protective coating</li><li>Drainage holes in the base rails help reduce corrosion</li><li>Lean-back geometry supports stable material positioning</li><li>Custom sizes are available on request</li></ul>","one-side-l-frame"
"heavy-duty-double-sided-a-frame","Heavy Duty Double-Sided A-Frame","<p>A compact heavy-duty double-sided rack for high-capacity slab storage.</p><h3>Applications</h3><p>Stone, glass, wood panels, fabrication plants, and industrial warehouses.</p>","Pro Steel Equipment","","Material Racks & Transport","migration-2026, material-rack, A-Frame","FALSE","Title","Default Title","Heavy Duty Double-Sided A-Frame","shopify","deny","manual","1450","TRUE","TRUE","https://vpmetals-shopify.vercel.app/images/catalog/racks/heavy-duty-double-sided-a-frame.webp","1","Heavy-duty double-sided A-frame storage rack","draft","Heavy Duty Double-Sided A-Frame","Stone, glass, wood panels, fabrication plants, and industrial warehouses.","<ul><li><strong>Capacity:</strong> 9,000 lb per side</li><li><strong>Dimensions:</strong> 72 L x 30 W x 60 H in</li><li><strong>Frame:</strong> 2 x 2 in square pipe</li><li><strong>Base:</strong> 3 in U-channel</li></ul>","<ul><li>Weather-resistant protective coating</li><li>Drainage holes in the base rails help reduce corrosion</li><li>Lean-back geometry supports stable material positioning</li><li>Custom sizes are available on request</li></ul>","heavy-duty-double-sided-a-frame"
"multi-purpose-slab-rack","Multi-Purpose Slab Rack","<p>A configurable post-and-rail slab rack for flexible storage of heavy stone, glass, and panel materials.</p><h3>Applications</h3><p>Stone yards, glass facilities, warehouses, fabrication operations, and configurable slab storage.</p>","Pro Steel Equipment","","Material Racks & Transport","migration-2026, material-rack, Slab Rack","FALSE","Title","Default Title","PSE PS10","shopify","deny","manual","2850","TRUE","TRUE","https://vpmetals-shopify.vercel.app/images/catalog/racks/multi-purpose-slab-rack.webp","1","Multi-purpose slab rack with capped steel posts","draft","PSE PS10","Stone yards, glass facilities, warehouses, fabrication operations, and configurable slab storage.","<ul><li><strong>Work load limit:</strong> 6,000 lb / 2,721.55 kg</li><li><strong>Dimensions:</strong> 120 L x 8 W x 60 H in</li><li><strong>Net weight per pair:</strong> 690 lb / 313 kg</li><li><strong>Poles / holes:</strong> 10 / 10</li><li><strong>Post options:</strong> 60, 48, or 36 in</li></ul>","<ul><li>Configurable removable post system</li><li>Weather-resistant protective coating</li><li>Drainage holes in the base rails help reduce corrosion</li><li>Lean-back geometry supports stable material positioning</li><li>Custom sizes are available on request</li></ul>","multi-purpose-slab-rack"
"heavy-duty-bundle-slab-rack","Heavy-Duty Bundle Slab Rack With Rubber Cap","<p>A reinforced post-and-rail storage system for heavy slab bundles, with protective timber and capped uprights.</p><h3>Applications</h3><p>Stone distributors, slab warehouses, fabrication facilities, and high-capacity bundle storage.</p>","Pro Steel Equipment","","Material Racks & Transport","migration-2026, material-rack, Slab Rack, featured","FALSE","Title","Default Title","PSE PS10","shopify","deny","manual","3400","TRUE","TRUE","https://vpmetals-shopify.vercel.app/images/catalog/racks/heavy-duty-bundle-slab-rack.webp","1","Heavy-duty bundle slab rack with capped steel posts storing stone slabs","draft","PSE PS10","Stone distributors, slab warehouses, fabrication facilities, and high-capacity bundle storage.","<ul><li><strong>Work load limit:</strong> 6,000 lb / 2,721.55 kg</li><li><strong>Dimensions:</strong> 120 L x 8 W x 63 H in</li><li><strong>Net weight per pair:</strong> 925 lb / 420 kg</li><li><strong>Poles / holes:</strong> 10 / 11</li><li><strong>Post options:</strong> 63, 48, or 36 in</li></ul>","<ul><li>5 mm wall extra-strong square steel posts</li><li>Heavy-duty steel base rails</li><li>Timber protection on base rails</li><li>Square rubber caps on uprights</li><li>Weather-resistant protective coating</li><li>Drainage holes in the base rails help reduce corrosion</li><li>Lean-back geometry supports stable material positioning</li><li>Custom sizes are available on request</li></ul>","heavy-duty-bundle-slab-rack"
"one-side-frame-narrow-warehouse","One Side Frame for Narrow Warehouse","<p>A single-sided frame for narrow warehouse aisles where slab and panel materials need compact wall-side support.</p><h3>Applications</h3><p>Narrow warehouses, stone and glass storage aisles, showrooms, and compact fabrication facilities.</p>","Pro Steel Equipment","","Material Racks & Transport","migration-2026, material-rack, Single-Sided Rack","FALSE","Title","Default Title","One Side Frame","shopify","deny","manual","925","TRUE","TRUE","https://vpmetals-shopify.vercel.app/images/catalog/racks/one-side-frame-narrow-warehouse.webp","1","One-side frame for narrow warehouse slab storage","draft","One Side Frame","Narrow warehouses, stone and glass storage aisles, showrooms, and compact fabrication facilities.","<ul><li><strong>Capacity:</strong> 9,000 lb per side</li><li><strong>Dimensions:</strong> 72 L x 30 W x 60 H in</li><li><strong>Frame:</strong> 2 x 2 in square pipe</li><li><strong>Base:</strong> 3 in U-channel</li></ul>","<ul><li>Weather-resistant protective coating</li><li>Drainage holes in the base rails help reduce corrosion</li><li>Lean-back geometry supports stable material positioning</li><li>Custom sizes are available on request</li></ul>","one-side-frame-narrow-warehouse"
"heavy-duty-bundle-slab-rack-standard","Heavy-Duty Bundle Slab Rack","<p>A heavy-duty post-and-rail rack for organized slab bundle storage without rubber-cap uprights.</p><h3>Applications</h3><p>Stone distributors, slab warehouses, fabrication facilities, and high-capacity bundle storage.</p>","Pro Steel Equipment","","Material Racks & Transport","migration-2026, material-rack, Slab Rack","FALSE","Title","Default Title","PSE PS10","shopify","deny","manual","2850","TRUE","TRUE","https://vpmetals-shopify.vercel.app/images/catalog/racks/heavy-duty-bundle-slab-rack-standard.webp","1","Heavy-duty bundle slab rack storing stone bundles","draft","PSE PS10","Stone distributors, slab warehouses, fabrication facilities, and high-capacity bundle storage.","<ul><li><strong>Work load limit:</strong> 6,481 lb / 2,940 kg</li><li><strong>Dimensions:</strong> 120 L x 8 W x 60 H in</li><li><strong>Poles / holes:</strong> 10 / 10</li><li><strong>Post height:</strong> 60 in</li></ul>","<ul><li>Configurable removable post system</li><li>Heavy-duty steel base rails</li><li>Weather-resistant protective coating</li><li>Drainage holes in the base rails help reduce corrosion</li><li>Lean-back geometry supports stable material positioning</li><li>Custom sizes are available on request</li></ul>","heavy-duty-bundle-slab-rack-standard"
"heavy-duty-mobile-transport-frame","Heavy Duty Mobile Transport Frame","<p>A wheeled 2 x 2 in square-pipe transport frame for moving long materials, assemblies, and work-in-progress around industrial sites.</p><h3>Applications</h3><p>Fabrication shops, warehouses, material staging, construction yards, and mobile production support.</p>","Pro Steel Equipment","","Industrial Tables & Carts","migration-2026, industrial-table, Mobile Transport Frame, featured","FALSE","Title","Default Title","Heavy Duty Mobile Transport Frame","shopify","deny","manual","1025","TRUE","TRUE","https://vpmetals-shopify.vercel.app/images/catalog/tables/heavy-duty-mobile-transport-frame.webp","1","Blue heavy-duty mobile transport frame on casters","draft","Heavy Duty Mobile Transport Frame","Fabrication shops, warehouses, material staging, construction yards, and mobile production support.","<ul><li><strong>Capacity:</strong> 1,800 lb per side</li><li><strong>Dimensions:</strong> 96 L x 24 W x 36 H in</li><li><strong>Frame:</strong> 2 x 2 in square pipe</li><li><strong>Top:</strong> Frame only, top surface not included</li></ul>","<ul><li>Weather-resistant coating</li><li>Heavy-duty metal frame construction</li><li>Wheel size options available</li><li>Custom sizes are available on request</li><li>Built for commercial and industrial work areas</li></ul>","heavy-duty-mobile-transport-frame"
"three-tier-triple-stacker-table","3-Tier Triple Stacker Table","<p>A three-tier mobile table frame for organizing parts, cartons, fixtures, and production materials across multiple levels.</p><h3>Applications</h3><p>Assembly areas, production lines, warehouse staging, packing stations, and work-in-progress movement.</p>","Pro Steel Equipment","","Industrial Tables & Carts","migration-2026, industrial-table, Stacker Table","FALSE","Title","Default Title","3-Tier Triple Stacker Table","shopify","deny","manual","810","TRUE","TRUE","https://vpmetals-shopify.vercel.app/images/catalog/tables/three-tier-triple-stacker-table.webp","1","Blue three-tier triple stacker table on casters","draft","3-Tier Triple Stacker Table","Assembly areas, production lines, warehouse staging, packing stations, and work-in-progress movement.","<ul><li><strong>Capacity:</strong> 1,600 lb per side</li><li><strong>Dimensions:</strong> 72 L x 36 W x 36 H in</li><li><strong>Frame:</strong> 1.5 x 1.5 in square pipe</li><li><strong>Top:</strong> Frame only, top surface not included</li></ul>","<ul><li>Weather-resistant coating</li><li>Three-tier storage layout</li><li>Heavy-duty metal frame construction</li><li>Wheel size options available</li><li>Custom sizes are available on request</li><li>Built for commercial and industrial work areas</li></ul>","three-tier-triple-stacker-table"
"heavy-duty-industrial-platform-cart","Heavy Duty Industrial Platform Cart","<p>A compact mobile platform cart frame for industrial movement, staging, and shop-floor support.</p><h3>Applications</h3><p>Warehouses, fabrication shops, assembly areas, shipping departments, and production staging.</p>","Pro Steel Equipment","","Industrial Tables & Carts","migration-2026, industrial-table, Platform Cart","FALSE","Title","Default Title","Heavy Duty Industrial Platform Cart","shopify","deny","manual","675","TRUE","TRUE","https://vpmetals-shopify.vercel.app/images/catalog/tables/heavy-duty-industrial-platform-cart.webp","1","Blue heavy-duty industrial platform cart frame","draft","Heavy Duty Industrial Platform Cart","Warehouses, fabrication shops, assembly areas, shipping departments, and production staging.","<ul><li><strong>Capacity:</strong> 1,400 lb per side</li><li><strong>Dimensions:</strong> 72 L x 24 W x 36 H in</li><li><strong>Frame:</strong> 1.5 x 1.5 in square pipe</li><li><strong>Top:</strong> Frame only, top surface not included</li></ul>","<ul><li>Weather-resistant coating</li><li>Heavy-duty metal frame construction</li><li>Wheel size options available</li><li>Custom sizes are available on request</li><li>Built for commercial and industrial work areas</li></ul>","heavy-duty-industrial-platform-cart"
"garment-production-utility-cart","Garment Production Utility Cart","<p>A mobile utility cart with backsplash for garment production, light assembly, and organized shop-floor handling.</p><h3>Applications</h3><p>Garment production, textile workrooms, light manufacturing, kitting, packing, and mobile work support.</p>","Pro Steel Equipment","","Industrial Tables & Carts","migration-2026, industrial-table, Utility Cart","FALSE","Title","Default Title","Garment Production Utility Cart","shopify","deny","manual","790","TRUE","TRUE","https://vpmetals-shopify.vercel.app/images/catalog/tables/garment-production-utility-cart.webp","1","Black garment production utility cart with backsplash","draft","Garment Production Utility Cart","Garment production, textile workrooms, light manufacturing, kitting, packing, and mobile work support.","<ul><li><strong>Capacity:</strong> 650 lb per side</li><li><strong>Dimensions:</strong> 48 L x 24 W x 36 H in</li><li><strong>Frame:</strong> 1.25 x 1.25 in square pipe</li><li><strong>Detail:</strong> With backsplash</li></ul>","<ul><li>Weather-resistant coating</li><li>Backsplash helps contain materials on the cart surface</li><li>Heavy-duty metal frame construction</li><li>Wheel size options available</li><li>Custom sizes are available on request</li><li>Built for commercial and industrial work areas</li></ul>","garment-production-utility-cart"
"heavy-duty-six-wheel-work-table","Heavy-Duty 6-Wheel Work Table","<p>A long six-wheel work table frame that supports larger workpieces and mobile staging in demanding production spaces.</p><h3>Applications</h3><p>Stone, glass, metal, woodworking, assembly, and industrial material handling workflows.</p>","Pro Steel Equipment","","Industrial Tables & Carts","migration-2026, industrial-table, Work Table","FALSE","Title","Default Title","Heavy-Duty 6-Wheel Work Table","shopify","deny","manual","1075","TRUE","TRUE","https://vpmetals-shopify.vercel.app/images/catalog/tables/heavy-duty-six-wheel-work-table.webp","1","Black heavy-duty six-wheel work table frame","draft","Heavy-Duty 6-Wheel Work Table","Stone, glass, metal, woodworking, assembly, and industrial material handling workflows.","<ul><li><strong>Capacity:</strong> 1,800 lb per side</li><li><strong>Dimensions:</strong> 96 L x 24 W x 36 H in</li><li><strong>Frame:</strong> 2 x 2 in square pipe</li><li><strong>Top:</strong> Frame only, top surface not included</li></ul>","<ul><li>Weather-resistant coating</li><li>Six-wheel mobile support</li><li>Heavy-duty metal frame construction</li><li>Wheel size options available</li><li>Custom sizes are available on request</li><li>Built for commercial and industrial work areas</li></ul>","heavy-duty-six-wheel-work-table"
"heavy-duty-steel-workbench","Heavy-Duty Steel Workbench","<p>A steel workbench with a 16-gauge metal sheet top for durable industrial work, repairs, and production tasks.</p><h3>Applications</h3><p>Maintenance departments, fabrication shops, repair benches, assembly work, and industrial work cells.</p>","Pro Steel Equipment","","Industrial Tables & Carts","migration-2026, industrial-table, Workbench, featured","FALSE","Title","Default Title","Heavy-Duty Steel Workbench","shopify","deny","manual","930","TRUE","TRUE","https://vpmetals-shopify.vercel.app/images/catalog/tables/heavy-duty-steel-workbench.webp","1","Heavy-duty steel workbench with metal sheet top","draft","Heavy-Duty Steel Workbench","Maintenance departments, fabrication shops, repair benches, assembly work, and industrial work cells.","<ul><li><strong>Capacity:</strong> 1,800 lb per side</li><li><strong>Dimensions:</strong> 72 L x 36 W x 30 H in</li><li><strong>Frame:</strong> 1.5 x 1.5 in square pipe</li><li><strong>Top:</strong> 16 gauge metal sheet included</li></ul>","<ul><li>Weather-resistant coating</li><li>Metal top surface included</li><li>Heavy-duty metal frame construction</li><li>Wheel size options available</li><li>Custom sizes are available on request</li><li>Built for commercial and industrial work areas</li></ul>","heavy-duty-steel-workbench"
"industrial-mobile-workbench","Industrial Mobile Workbench","<p>A mobile workbench with plywood surfaces for staging tools, parts, assemblies, and active production work.</p><h3>Applications</h3><p>Industrial work cells, shop-floor repairs, fabrication support, assembly stations, and mobile maintenance work.</p>","Pro Steel Equipment","","Industrial Tables & Carts","migration-2026, industrial-table, Workbench","FALSE","Title","Default Title","Industrial Mobile Workbench","shopify","deny","manual","1350","TRUE","TRUE","https://vpmetals-shopify.vercel.app/images/catalog/tables/industrial-mobile-workbench.webp","1","Industrial mobile workbench with plywood top and lower shelf","draft","Industrial Mobile Workbench","Industrial work cells, shop-floor repairs, fabrication support, assembly stations, and mobile maintenance work.","<ul><li><strong>Capacity:</strong> 1,400 lb per side</li><li><strong>Dimensions:</strong> 96 L x 24 W x 30 H in</li><li><strong>Frame:</strong> 1.5 x 1.5 in square pipe</li><li><strong>Top:</strong> 3/4 in plywood included</li></ul>","<ul><li>Weather-resistant coating</li><li>Plywood work surface included</li><li>Heavy-duty metal frame construction</li><li>Wheel size options available</li><li>Custom sizes are available on request</li><li>Built for commercial and industrial work areas</li></ul>","industrial-mobile-workbench"
"three-tier-heavy-duty-mobile-assembly-workbench","3-Tier Heavy-Duty Mobile Assembly Workbench","<p>A three-tier mobile assembly workbench with plywood surfaces for parts, tools, cartons, and active production flow.</p><h3>Applications</h3><p>Assembly operations, packing lines, repair work, tooling support, production staging, and warehouse work cells.</p>","Pro Steel Equipment","","Industrial Tables & Carts","migration-2026, industrial-table, Assembly Workbench, featured","FALSE","Title","Default Title","3-Tier Mobile Assembly Workbench","shopify","deny","manual","1315","TRUE","TRUE","https://vpmetals-shopify.vercel.app/images/catalog/tables/three-tier-heavy-duty-mobile-assembly-workbench.webp","1","Three-tier heavy-duty mobile assembly workbench with plywood surfaces","draft","3-Tier Mobile Assembly Workbench","Assembly operations, packing lines, repair work, tooling support, production staging, and warehouse work cells.","<ul><li><strong>Capacity:</strong> 1,800 lb per side</li><li><strong>Dimensions:</strong> 96 L x 24 W x 36 H in</li><li><strong>Frame:</strong> 1.5 x 1.5 in square pipe</li><li><strong>Top:</strong> 3/4 in plywood included</li></ul>","<ul><li>Weather-resistant coating</li><li>Three-tier work and storage layout</li><li>Heavy-duty metal frame construction</li><li>Wheel size options available</li><li>Custom sizes are available on request</li><li>Built for commercial and industrial work areas</li></ul>","three-tier-heavy-duty-mobile-assembly-workbench"
"large-heavy-duty-industrial-platform-cart","Large Size Heavy Duty Industrial Platform Cart","<p>A wide mobile platform cart frame for larger assemblies, material staging, and industrial shop-floor transport.</p><h3>Applications</h3><p>Production floors, warehouses, fabrication areas, material handling, and staging of larger workpieces.</p>","Pro Steel Equipment","","Industrial Tables & Carts","migration-2026, industrial-table, Platform Cart","FALSE","Title","Default Title","Large Industrial Platform Cart","shopify","deny","manual","1050","TRUE","TRUE","https://vpmetals-shopify.vercel.app/images/catalog/tables/large-heavy-duty-industrial-platform-cart.webp","1","Large heavy-duty industrial platform cart frame","draft","Large Industrial Platform Cart","Production floors, warehouses, fabrication areas, material handling, and staging of larger workpieces.","<ul><li><strong>Capacity:</strong> 1,400 lb per side</li><li><strong>Dimensions:</strong> 96 L x 36 W x 36 H in</li><li><strong>Frame:</strong> 1.5 x 1.5 in square pipe</li><li><strong>Top:</strong> Frame only, top surface not included</li></ul>","<ul><li>Weather-resistant coating</li><li>Heavy-duty metal frame construction</li><li>Wheel size options available</li><li>Custom sizes are available on request</li><li>Built for commercial and industrial work areas</li></ul>","large-heavy-duty-industrial-platform-cart"
"mobile-glass-handling-table","Mobile Glass Handling Table","<p>A mobile handling table configured for supported movement and staging of glass sheets and similar panel materials.</p><h3>Applications</h3><p>Glass shops, glazing operations, window and door production, panel staging, and fabrication workflows.</p>","Pro Steel Equipment","","Industrial Tables & Carts","migration-2026, industrial-table, Glass Handling Table","FALSE","Title","Default Title","Mobile Glass Handling Table","shopify","deny","manual","990","TRUE","TRUE","https://vpmetals-shopify.vercel.app/images/catalog/tables/mobile-glass-handling-table.webp","1","Mobile glass handling table with plywood border","draft","Mobile Glass Handling Table","Glass shops, glazing operations, window and door production, panel staging, and fabrication workflows.","<ul><li><strong>Capacity:</strong> 1,400 lb per side</li><li><strong>Dimensions:</strong> 96 L x 24 W x 30 H in</li><li><strong>Frame:</strong> 1.5 x 1.5 in square pipe</li><li><strong>Top:</strong> 3/4 or 1.5 in plywood with 1.5 in border</li></ul>","<ul><li>Weather-resistant coating</li><li>Plywood support surface available</li><li>Heavy-duty metal frame construction</li><li>Wheel size options available</li><li>Custom sizes are available on request</li><li>Built for commercial and industrial work areas</li></ul>","mobile-glass-handling-table"
"heavy-duty-industrial-metal-top-platform-cart","Heavy Duty Industrial Metal Top Platform Cart","<p>A mobile platform cart frame for industrial staging, shop-floor handling, and adaptable work-surface configurations.</p><h3>Applications</h3><p>Manufacturing, fabrication, assembly, staging, warehouse transport, and equipment support.</p>","Pro Steel Equipment","","Industrial Tables & Carts","migration-2026, industrial-table, Platform Cart","FALSE","Title","Default Title","Metal Top Platform Cart","shopify","deny","manual","1025","TRUE","TRUE","https://vpmetals-shopify.vercel.app/images/catalog/tables/heavy-duty-industrial-metal-top-platform-cart.webp","1","Blue heavy-duty industrial platform cart with metal top","draft","Metal Top Platform Cart","Manufacturing, fabrication, assembly, staging, warehouse transport, and equipment support.","<ul><li><strong>Capacity:</strong> 1,600 lb per side</li><li><strong>Dimensions:</strong> 72 L x 24 W x 36 H in</li><li><strong>Frame:</strong> 1.5 x 1.5 in square pipe</li><li><strong>Top:</strong> Frame only, top surface not included</li></ul>","<ul><li>Weather-resistant coating</li><li>Heavy-duty metal frame construction</li><li>Wheel size options available</li><li>Custom sizes are available on request</li><li>Built for commercial and industrial work areas</li></ul>","heavy-duty-industrial-metal-top-platform-cart"
"mobile-electronics-workstation","Mobile Electronics Workstation","<p>A mobile workstation with top and lower plywood racks for electronics production, kitting, and organized assembly work.</p><h3>Applications</h3><p>Electronics assembly, kitting, repair benches, light manufacturing, production lines, and mobile inspection stations.</p>","Pro Steel Equipment","","Industrial Tables & Carts","migration-2026, industrial-table, Mobile Workstation","FALSE","Title","Default Title","Mobile Electronics Workstation","shopify","deny","manual","990","TRUE","TRUE","https://vpmetals-shopify.vercel.app/images/catalog/tables/mobile-electronics-workstation.webp","1","Mobile electronics workstation with plywood top and lower rack","draft","Mobile Electronics Workstation","Electronics assembly, kitting, repair benches, light manufacturing, production lines, and mobile inspection stations.","<ul><li><strong>Capacity:</strong> 1,600 lb per side</li><li><strong>Dimensions:</strong> 72 L x 24 W x 36 H in</li><li><strong>Frame:</strong> 1.5 x 1.5 in square pipe</li><li><strong>Surfaces:</strong> Top and bottom 3/4 in plywood racks included</li></ul>","<ul><li>Weather-resistant coating</li><li>Two-level plywood storage and work layout</li><li>Heavy-duty metal frame construction</li><li>Wheel size options available</li><li>Custom sizes are available on request</li><li>Built for commercial and industrial work areas</li></ul>","mobile-electronics-workstation"
"heavy-duty-two-tier-service-cart-stainless-steel","Heavy-Duty 2-Tier Service Cart","<p>A stainless steel two-tier service cart for sanitary, food-service, and commercial work environments.</p><h3>Applications</h3><p>Food service, hospitality, commercial kitchens, cleaning operations, labs, and stainless work areas.</p>","Pro Steel Equipment","","Industrial Tables & Carts","migration-2026, industrial-table, Stainless Steel Cart","FALSE","Title","Default Title","Stainless Steel 2-Tier Service Cart","shopify","deny","manual","980","TRUE","TRUE","https://vpmetals-shopify.vercel.app/images/catalog/tables/heavy-duty-two-tier-service-cart-stainless-steel.webp","1","Stainless steel two-tier service cart on casters","draft","Stainless Steel 2-Tier Service Cart","Food service, hospitality, commercial kitchens, cleaning operations, labs, and stainless work areas.","<ul><li><strong>Capacity:</strong> 400 lb per side</li><li><strong>Dimensions:</strong> 42 L x 24 W x 35 H in</li><li><strong>Frame:</strong> 2 x 2 in round pipe</li><li><strong>Material:</strong> 304 stainless steel</li></ul>","<ul><li>Top surface included</li><li>304 stainless steel construction</li><li>Heavy-duty metal frame construction</li><li>Wheel size options available</li><li>Custom sizes are available on request</li><li>Built for commercial and industrial work areas</li></ul>","heavy-duty-two-tier-service-cart-stainless-steel"
"butchers-meat-cutting-table-stainless-steel","Butcher's Meat Cutting Table","<p>A stainless steel meat cutting table with catch tray for butcher, food prep, and commercial kitchen environments.</p><h3>Applications</h3><p>Butcher shops, meat processing, commercial kitchens, food prep rooms, and stainless work stations.</p>","Pro Steel Equipment","","Industrial Tables & Carts","migration-2026, industrial-table, Stainless Steel Table, featured","FALSE","Title","Default Title","Stainless Steel Meat Cutting Table","shopify","deny","manual","1480","TRUE","TRUE","https://vpmetals-shopify.vercel.app/images/catalog/tables/butchers-meat-cutting-table-stainless-steel.webp","1","Stainless steel butcher meat cutting table with catch tray","draft","Stainless Steel Meat Cutting Table","Butcher shops, meat processing, commercial kitchens, food prep rooms, and stainless work stations.","<ul><li><strong>Capacity:</strong> 1,400 lb per side</li><li><strong>Dimensions:</strong> 48 L x 24 W x 32 H in</li><li><strong>Frame:</strong> 2 x 2 in round pipe</li><li><strong>Material:</strong> 304 stainless steel</li></ul>","<ul><li>Catch tray included</li><li>Top surface included</li><li>304 stainless steel construction</li><li>Heavy-duty metal frame construction</li><li>Wheel size options available</li><li>Custom sizes are available on request</li><li>Built for commercial and industrial work areas</li></ul>","butchers-meat-cutting-table-stainless-steel"
"heavy-duty-16-ga-cutting-table","Heavy Duty 16 Ga. Cutting Table","<p>A heavy-duty stainless cutting table with backsplash and cutting-board surface for commercial preparation work.</p><h3>Applications</h3><p>Commercial kitchens, food prep rooms, production kitchens, butcher operations, and sanitary workstations.</p>","Pro Steel Equipment","","Industrial Tables & Carts","migration-2026, industrial-table, Stainless Steel Table","FALSE","Title","Default Title","16 Ga. Cutting Table","shopify","deny","manual","2050","TRUE","TRUE","https://vpmetals-shopify.vercel.app/images/catalog/tables/heavy-duty-16-ga-cutting-table.webp","1","Stainless steel heavy-duty cutting table with backsplash","draft","16 Ga. Cutting Table","Commercial kitchens, food prep rooms, production kitchens, butcher operations, and sanitary workstations.","<ul><li><strong>Capacity:</strong> 400 lb per side</li><li><strong>Dimensions:</strong> 60 L x 30 W x 35 H in</li><li><strong>Frame:</strong> 2 x 2 in round pipe</li><li><strong>Material:</strong> 304 stainless steel, 16 ga / 1.5 mm</li></ul>","<ul><li>1 in cutting board</li><li>Backsplash included</li><li>Top surface included</li><li>304 stainless steel construction</li><li>Heavy-duty metal frame construction</li><li>Wheel size options available</li><li>Custom sizes are available on request</li><li>Built for commercial and industrial work areas</li></ul>","heavy-duty-16-ga-cutting-table"
"commercial-pizza-prep-table","Commercial Pizza Prep Table","<p>A stainless steel pizza prep table with a three-sided backsplash for commercial kitchen and food-service work.</p><h3>Applications</h3><p>Pizzerias, commercial kitchens, bakeries, food prep rooms, and stainless service workstations.</p>","Pro Steel Equipment","","Industrial Tables & Carts","migration-2026, industrial-table, Stainless Steel Table","FALSE","Title","Default Title","Commercial Pizza Prep Table","shopify","deny","manual","2250","TRUE","TRUE","https://vpmetals-shopify.vercel.app/images/catalog/tables/commercial-pizza-prep-table.webp","1","Commercial stainless steel pizza prep table with three-sided backsplash","draft","Commercial Pizza Prep Table","Pizzerias, commercial kitchens, bakeries, food prep rooms, and stainless service workstations.","<ul><li><strong>Capacity:</strong> 600 lb per side</li><li><strong>Dimensions:</strong> 60 L x 30 W x 35 H in</li><li><strong>Frame:</strong> 2 x 2 in round pipe</li><li><strong>Material:</strong> 304 stainless steel</li></ul>","<ul><li>Three-sided backsplash included</li><li>Top surface included</li><li>304 stainless steel construction</li><li>Heavy-duty metal frame construction</li><li>Wheel size options available</li><li>Custom sizes are available on request</li><li>Built for commercial and industrial work areas</li></ul>","commercial-pizza-prep-table"
"heavy-duty-bollard-bolt-down-4-dia-36","Heavy Duty Bolt-Down Bollard - 4 in x 36 in","<p>A surface-mounted steel bollard for protecting doors, walls, equipment, traffic lanes, and exposed industrial work areas.</p><h3>Applications</h3><p>Warehouse aisles, overhead doors, building corners, loading areas, parking lanes, and equipment protection zones.</p>","Pro Steel Equipment","","Warehouse Safety","migration-2026, warehouse-safety, Bollards","FALSE","Title","Default Title","4 in dia x 36 in H","shopify","deny","manual","145","TRUE","TRUE","https://vpmetals-shopify.vercel.app/images/catalog/safety/heavy-duty-bollard-bolt-down-4-dia-36.webp","1","Yellow 4 inch by 36 inch ProSteel bolt-down bollard","draft","4 in dia x 36 in H","Warehouse aisles, overhead doors, building corners, loading areas, parking lanes, and equipment protection zones.","<ul><li><strong>Diameter:</strong> 4 in</li><li><strong>Height:</strong> 36 in</li><li><strong>Pipe:</strong> 7 gauge steel</li><li><strong>Base plate:</strong> 8 x 8 x 0.4 in</li><li><strong>Anchor bolt:</strong> 5/8 x 4.5 in, not included</li></ul>","<ul><li>Welded metal cap</li><li>Heavy-duty steel construction</li><li>Powder-coated finish for warehouse and industrial environments</li><li>Designed for surface-mounted protection</li><li>Custom sizes are available on request</li><li>Concrete installation kit sold separately</li></ul>","heavy-duty-bollard-bolt-down-4-dia-36"
"heavy-duty-bollard-bolt-down-4-dia-42","Heavy Duty Bolt-Down Bollard - 4 in x 42 in","<p>A taller bolt-down bollard for creating visible impact protection around warehouse doors, posts, and vulnerable equipment.</p><h3>Applications</h3><p>Loading docks, production aisles, material handling routes, parking areas, and industrial traffic-control points.</p>","Pro Steel Equipment","","Warehouse Safety","migration-2026, warehouse-safety, Bollards","FALSE","Title","Default Title","4 in dia x 42 in H","shopify","deny","manual","160","TRUE","TRUE","https://vpmetals-shopify.vercel.app/images/catalog/safety/heavy-duty-bollard-bolt-down-4-dia-42.webp","1","Yellow 4 inch by 42 inch ProSteel bolt-down bollard","draft","4 in dia x 42 in H","Loading docks, production aisles, material handling routes, parking areas, and industrial traffic-control points.","<ul><li><strong>Diameter:</strong> 4 in</li><li><strong>Height:</strong> 42 in</li><li><strong>Pipe:</strong> 7 gauge steel</li><li><strong>Base plate:</strong> 8 x 8 x 0.4 in</li><li><strong>Anchor bolt:</strong> 5/8 x 4.5 in, not included</li></ul>","<ul><li>Welded metal cap</li><li>Heavy-duty steel construction</li><li>Powder-coated finish for warehouse and industrial environments</li><li>Designed for surface-mounted protection</li><li>Custom sizes are available on request</li><li>Concrete installation kit sold separately</li></ul>","heavy-duty-bollard-bolt-down-4-dia-42"
"heavy-duty-bollard-bolt-down-4-dia-48","Heavy Duty Bolt-Down Bollard - 4 in x 48 in","<p>A heavy-duty 48 in bollard for strong, visible protection where forklifts, carts, or vehicles move near assets and walkways.</p><h3>Applications</h3><p>Warehouse traffic lanes, machine protection, dock areas, storefront protection, and high-visibility safety layouts.</p>","Pro Steel Equipment","","Warehouse Safety","migration-2026, warehouse-safety, Bollards, featured","FALSE","Title","Default Title","4 in dia x 48 in H","shopify","deny","manual","175","TRUE","TRUE","https://vpmetals-shopify.vercel.app/images/catalog/safety/heavy-duty-bollard-bolt-down-4-dia-48.webp","1","Yellow 4 inch by 48 inch ProSteel bolt-down bollard","draft","4 in dia x 48 in H","Warehouse traffic lanes, machine protection, dock areas, storefront protection, and high-visibility safety layouts.","<ul><li><strong>Diameter:</strong> 4 in</li><li><strong>Height:</strong> 48 in</li><li><strong>Pipe:</strong> 7 gauge steel</li><li><strong>Base plate:</strong> 8 x 8 x 0.4 in</li><li><strong>Anchor bolt:</strong> 5/8 x 4.5 in, not included</li></ul>","<ul><li>Welded metal cap</li><li>Heavy-duty steel construction</li><li>Powder-coated finish for warehouse and industrial environments</li><li>Designed for surface-mounted protection</li><li>Custom sizes are available on request</li><li>Concrete installation kit sold separately</li></ul>","heavy-duty-bollard-bolt-down-4-dia-48"
"heavy-duty-bollard-bolt-down-4-dia-60","Heavy Duty Bolt-Down Bollard - 4 in x 60 in","<p>A tall surface-mounted bollard for high-visibility guarding at warehouse doors, traffic routes, and exposed facility edges.</p><h3>Applications</h3><p>Overhead doors, aisle ends, outdoor protection zones, building corners, and industrial vehicle separation.</p>","Pro Steel Equipment","","Warehouse Safety","migration-2026, warehouse-safety, Bollards","FALSE","Title","Default Title","4 in dia x 60 in H","shopify","deny","manual","180","TRUE","TRUE","https://vpmetals-shopify.vercel.app/images/catalog/safety/heavy-duty-bollard-bolt-down-4-dia-60.webp","1","Yellow 4 inch by 60 inch ProSteel bolt-down bollard","draft","4 in dia x 60 in H","Overhead doors, aisle ends, outdoor protection zones, building corners, and industrial vehicle separation.","<ul><li><strong>Diameter:</strong> 4 in</li><li><strong>Height:</strong> 60 in</li><li><strong>Pipe:</strong> 7 gauge steel</li><li><strong>Base plate:</strong> 8 x 8 x 0.4 in</li><li><strong>Anchor bolt:</strong> 5/8 x 4.5 in, not included</li></ul>","<ul><li>Welded metal cap</li><li>Heavy-duty steel construction</li><li>Powder-coated finish for warehouse and industrial environments</li><li>Designed for surface-mounted protection</li><li>Custom sizes are available on request</li><li>Concrete installation kit sold separately</li></ul>","heavy-duty-bollard-bolt-down-4-dia-60"
"overhead-door-track-protector-48-in-ht","Overhead Door Track Protector - 48 in HT","<p>A bolt-down guard that shields overhead door tracks from forklift, cart, and pallet impact in busy warehouse openings.</p><h3>Applications</h3><p>Loading doors, shipping docks, receiving areas, warehouse entrances, and high-traffic overhead door tracks.</p>","Pro Steel Equipment","","Warehouse Safety","migration-2026, warehouse-safety, Door Protection, featured","FALSE","Title","Default Title","48 in HT / 9.86 x 6.58 in plate","shopify","deny","manual","140","TRUE","TRUE","https://vpmetals-shopify.vercel.app/images/catalog/safety/overhead-door-track-protector-48-in-ht.webp","1","Yellow overhead door track protector with floor plate","draft","48 in HT / 9.86 x 6.58 in plate","Loading doors, shipping docks, receiving areas, warehouse entrances, and high-traffic overhead door tracks.","<ul><li><strong>Height:</strong> 48 in</li><li><strong>Plate:</strong> 9.86 x 6.58 in</li><li><strong>Wall holes:</strong> 5 holes at 5/8 in</li><li><strong>Floor holes:</strong> 3 holes at 15/16 in</li><li><strong>Anchors:</strong> Not included</li></ul>","<ul><li>Protects door tracks from side impact</li><li>Large anchor option: 5.5 x 0.75 in</li><li>Small anchor option: 3.75 x 0.5 in</li><li>Heavy-duty steel construction</li><li>Powder-coated finish for warehouse and industrial environments</li><li>Designed for surface-mounted protection</li><li>Custom sizes are available on request</li></ul>","overhead-door-track-protector-48-in-ht"
"overhead-door-track-protector-36-in-ht","Overhead Door Track Protector - 36 in HT","<p>A compact overhead door track guard for protecting lower track areas and doorway corners from daily facility traffic.</p><h3>Applications</h3><p>Warehouse doors, service doors, shipping bays, receiving lanes, and compact impact-protection locations.</p>","Pro Steel Equipment","","Warehouse Safety","migration-2026, warehouse-safety, Door Protection","FALSE","Title","Default Title","36 in HT / 9.86 x 6.58 in plate","shopify","deny","manual","120","TRUE","TRUE","https://vpmetals-shopify.vercel.app/images/catalog/safety/overhead-door-track-protector-36-in-ht.webp","1","Yellow 36 inch overhead door track protector","draft","36 in HT / 9.86 x 6.58 in plate","Warehouse doors, service doors, shipping bays, receiving lanes, and compact impact-protection locations.","<ul><li><strong>Height:</strong> 36 in</li><li><strong>Plate:</strong> 9.86 x 6.58 in</li><li><strong>Wall holes:</strong> 5 holes at 5/8 in</li><li><strong>Floor holes:</strong> 3 holes at 15/16 in</li><li><strong>Anchors:</strong> Not included</li></ul>","<ul><li>Protects door tracks from side impact</li><li>Large anchor option: 5.5 x 0.75 in</li><li>Small anchor option: 3.75 x 0.5 in</li><li>Heavy-duty steel construction</li><li>Powder-coated finish for warehouse and industrial environments</li><li>Designed for surface-mounted protection</li><li>Custom sizes are available on request</li></ul>","overhead-door-track-protector-36-in-ht"
"heavy-duty-mid-rail-machine-guard-24x18","Heavy Duty Mid-Rail Machine Guard - 24 x 18 in","<p>A compact welded machine guard for adding physical separation around equipment, posts, and vulnerable production assets.</p><h3>Applications</h3><p>Machine cells, conveyor areas, production lines, corner protection, equipment bases, and work-area boundaries.</p>","Pro Steel Equipment","","Warehouse Safety","migration-2026, warehouse-safety, Machine Guards","FALSE","Title","Default Title","24 x 18 in","shopify","deny","manual","370","TRUE","TRUE","https://vpmetals-shopify.vercel.app/images/catalog/safety/heavy-duty-mid-rail-machine-guard-24x18.webp","1","Yellow heavy-duty mid-rail machine guard","draft","24 x 18 in","Machine cells, conveyor areas, production lines, corner protection, equipment bases, and work-area boundaries.","<ul><li><strong>Width:</strong> 24 in</li><li><strong>Height:</strong> 18 in</li><li><strong>Tube:</strong> 4 x 4 x 0.25 in square tube</li><li><strong>Base plate:</strong> 8 x 8 x 0.4 in</li><li><strong>Anchor bolt:</strong> 0.74 x 5.51 in, not included</li></ul>","<ul><li>Mid-rail format for low-profile equipment protection</li><li>Heavy-duty steel construction</li><li>Powder-coated finish for warehouse and industrial environments</li><li>Designed for surface-mounted protection</li><li>Custom sizes are available on request</li></ul>","heavy-duty-mid-rail-machine-guard-24x18"
"heavy-duty-mid-rail-machine-guard-26x18","Heavy Duty Mid-Rail Machine Guard - 26 x 18 in","<p>A welded mid-rail guard sized for equipment edges and traffic routes that need a wider protective footprint.</p><h3>Applications</h3><p>Industrial equipment, production aisles, warehouse columns, machine bases, and exposed shop-floor corners.</p>","Pro Steel Equipment","","Warehouse Safety","migration-2026, warehouse-safety, Machine Guards","FALSE","Title","Default Title","26 x 18 in","shopify","deny","manual","450","TRUE","TRUE","https://vpmetals-shopify.vercel.app/images/catalog/safety/heavy-duty-mid-rail-machine-guard-26x18.webp","1","Yellow 26 by 18 inch heavy-duty mid-rail machine guard","draft","26 x 18 in","Industrial equipment, production aisles, warehouse columns, machine bases, and exposed shop-floor corners.","<ul><li><strong>Width:</strong> 26 in</li><li><strong>Height:</strong> 18 in</li><li><strong>Tube:</strong> 4 x 4 x 0.25 in square tube</li><li><strong>Base plate:</strong> 8 x 8 x 0.4 in</li><li><strong>Anchor bolt:</strong> 0.74 x 5.51 in, not included</li></ul>","<ul><li>Mid-rail format for low-profile equipment protection</li><li>Heavy-duty steel construction</li><li>Powder-coated finish for warehouse and industrial environments</li><li>Designed for surface-mounted protection</li><li>Custom sizes are available on request</li></ul>","heavy-duty-mid-rail-machine-guard-26x18"
"heavy-duty-mid-rail-machine-guard-24x42","Heavy Duty Mid-Rail Machine Guard - 24 x 42 in","<p>A taller mid-rail machine guard for protecting exposed equipment and separating facility traffic from critical areas.</p><h3>Applications</h3><p>Machine guarding layouts, forklift travel lanes, equipment corners, production cells, and warehouse safety barriers.</p>","Pro Steel Equipment","","Warehouse Safety","migration-2026, warehouse-safety, Machine Guards, featured","FALSE","Title","Default Title","24 x 42 in","shopify","deny","manual","500","TRUE","TRUE","https://vpmetals-shopify.vercel.app/images/catalog/safety/heavy-duty-mid-rail-machine-guard-24x42.webp","1","Tall yellow heavy-duty mid-rail machine guard","draft","24 x 42 in","Machine guarding layouts, forklift travel lanes, equipment corners, production cells, and warehouse safety barriers.","<ul><li><strong>Width:</strong> 24 in</li><li><strong>Height:</strong> 42 in</li><li><strong>Tube:</strong> 4 x 4 x 0.25 in square tube</li><li><strong>Base plate:</strong> 8 x 8 x 0.4 in</li><li><strong>Anchor bolt:</strong> 0.74 x 5.51 in, not included</li></ul>","<ul><li>Taller profile for stronger visual separation</li><li>Mid-rail format for equipment protection</li><li>Heavy-duty steel construction</li><li>Powder-coated finish for warehouse and industrial environments</li><li>Designed for surface-mounted protection</li><li>Custom sizes are available on request</li></ul>","heavy-duty-mid-rail-machine-guard-24x42"
"rack-protector-7x12-3ga","Rack Protector - 7 x 12 in, 3 Ga.","<p>A low-profile rack protector that shields 7 in pallet-rack uprights from cart and forklift contact.</p><h3>Applications</h3><p>Pallet rack aisles, warehouse storage rows, picking areas, logistics facilities, and rack-end protection zones.</p>","Pro Steel Equipment","","Warehouse Safety","migration-2026, warehouse-safety, Rack Protection","FALSE","Title","Default Title","Fits 7 in post / 12 in H","shopify","deny","manual","55","TRUE","TRUE","https://vpmetals-shopify.vercel.app/images/catalog/safety/rack-protector-7x12-3ga.webp","1","Yellow 7 by 12 inch pallet rack protector","draft","Fits 7 in post / 12 in H","Pallet rack aisles, warehouse storage rows, picking areas, logistics facilities, and rack-end protection zones.","<ul><li><strong>Post fit:</strong> 7 in</li><li><strong>Height:</strong> 12 in</li><li><strong>Steel:</strong> 3 ga</li><li><strong>Finish:</strong> Powder coated</li><li><strong>Anchor bolt:</strong> 1/2 x 4 in, not included</li></ul>","<ul><li>Floor-mounted guard for rack upright impact zones</li><li>Heavy-duty steel construction</li><li>Powder-coated finish for warehouse and industrial environments</li><li>Designed for surface-mounted protection</li><li>Custom sizes are available on request</li></ul>","rack-protector-7x12-3ga"
"rack-protector-7x18-3ga","Rack Protector - 7 x 18 in, 3 Ga.","<p>A medium-height rack protector for 7 in pallet-rack posts in active warehouse aisles and storage lanes.</p><h3>Applications</h3><p>Pallet rack aisles, warehouse storage rows, distribution centres, picking areas, and high-traffic rack ends.</p>","Pro Steel Equipment","","Warehouse Safety","migration-2026, warehouse-safety, Rack Protection","FALSE","Title","Default Title","Fits 7 in post / 18 in H","shopify","deny","manual","75","TRUE","TRUE","https://vpmetals-shopify.vercel.app/images/catalog/safety/rack-protector-7x18-3ga.webp","1","Yellow 7 by 18 inch pallet rack protector","draft","Fits 7 in post / 18 in H","Pallet rack aisles, warehouse storage rows, distribution centres, picking areas, and high-traffic rack ends.","<ul><li><strong>Post fit:</strong> 7 in</li><li><strong>Height:</strong> 18 in</li><li><strong>Steel:</strong> 3 ga</li><li><strong>Finish:</strong> Powder coated</li><li><strong>Anchor bolt:</strong> 1/2 x 4 in, not included</li></ul>","<ul><li>Floor-mounted guard for rack upright impact zones</li><li>Heavy-duty steel construction</li><li>Powder-coated finish for warehouse and industrial environments</li><li>Designed for surface-mounted protection</li><li>Custom sizes are available on request</li></ul>","rack-protector-7x18-3ga"
"rack-protector-7x24-3ga","Rack Protector - 7 x 24 in, 3 Ga.","<p>A taller 3 ga rack protector for 7 in pallet-rack posts that need more visible lower-post protection.</p><h3>Applications</h3><p>Warehouse rack rows, forklift aisles, high-bay storage areas, distribution centres, and exposed rack uprights.</p>","Pro Steel Equipment","","Warehouse Safety","migration-2026, warehouse-safety, Rack Protection, featured","FALSE","Title","Default Title","Fits 7 in post / 24 in H","shopify","deny","manual","90","TRUE","TRUE","https://vpmetals-shopify.vercel.app/images/catalog/safety/rack-protector-7x24-3ga.webp","1","Yellow 7 by 24 inch pallet rack protector","draft","Fits 7 in post / 24 in H","Warehouse rack rows, forklift aisles, high-bay storage areas, distribution centres, and exposed rack uprights.","<ul><li><strong>Post fit:</strong> 7 in</li><li><strong>Height:</strong> 24 in</li><li><strong>Steel:</strong> 3 ga</li><li><strong>Finish:</strong> Powder coated</li><li><strong>Anchor bolt:</strong> 1/2 x 4 in, not included</li></ul>","<ul><li>Floor-mounted guard for rack upright impact zones</li><li>Heavy-duty steel construction</li><li>Powder-coated finish for warehouse and industrial environments</li><li>Designed for surface-mounted protection</li><li>Custom sizes are available on request</li></ul>","rack-protector-7x24-3ga"
"rack-protector-5x12-3ga","Rack Protector - 5 x 12 in, 3 Ga.","<p>A compact rack protector for 5 in pallet-rack uprights in tighter warehouse aisles and storage rows.</p><h3>Applications</h3><p>Warehouse rack aisles, compact storage areas, material handling zones, and lower upright protection.</p>","Pro Steel Equipment","","Warehouse Safety","migration-2026, warehouse-safety, Rack Protection","FALSE","Title","Default Title","Fits 5 in post / 12 in H","shopify","deny","manual","45","TRUE","TRUE","https://vpmetals-shopify.vercel.app/images/catalog/safety/rack-protector-5x12-3ga.webp","1","Yellow 5 by 12 inch pallet rack protector","draft","Fits 5 in post / 12 in H","Warehouse rack aisles, compact storage areas, material handling zones, and lower upright protection.","<ul><li><strong>Post fit:</strong> 5 in</li><li><strong>Height:</strong> 12 in</li><li><strong>Steel:</strong> 3 ga</li><li><strong>Finish:</strong> Powder coated</li><li><strong>Anchor bolt:</strong> 1/2 x 4 in, not included</li></ul>","<ul><li>Floor-mounted guard for rack upright impact zones</li><li>Heavy-duty steel construction</li><li>Powder-coated finish for warehouse and industrial environments</li><li>Designed for surface-mounted protection</li><li>Custom sizes are available on request</li></ul>","rack-protector-5x12-3ga"
"rack-protector-5x18-3ga","Rack Protector - 5 x 18 in, 3 Ga.","<p>A medium-height 5 in rack-post protector for warehouse rows that need stronger lower-upright protection.</p><h3>Applications</h3><p>Pallet rack protection, forklift aisles, warehouse storage, receiving areas, and distribution facilities.</p>","Pro Steel Equipment","","Warehouse Safety","migration-2026, warehouse-safety, Rack Protection","FALSE","Title","Default Title","Fits 5 in post / 18 in H","shopify","deny","manual","55","TRUE","TRUE","https://vpmetals-shopify.vercel.app/images/catalog/safety/rack-protector-5x18-3ga.webp","1","Yellow 5 by 18 inch pallet rack protector","draft","Fits 5 in post / 18 in H","Pallet rack protection, forklift aisles, warehouse storage, receiving areas, and distribution facilities.","<ul><li><strong>Post fit:</strong> 5 in</li><li><strong>Height:</strong> 18 in</li><li><strong>Steel:</strong> 3 ga</li><li><strong>Finish:</strong> Powder coated</li><li><strong>Anchor bolt:</strong> 1/2 x 4 in, not included</li></ul>","<ul><li>Floor-mounted guard for rack upright impact zones</li><li>Heavy-duty steel construction</li><li>Powder-coated finish for warehouse and industrial environments</li><li>Designed for surface-mounted protection</li><li>Custom sizes are available on request</li></ul>","rack-protector-5x18-3ga"
"rack-protector-5x24-3ga","Rack Protector - 5 x 24 in, 3 Ga.","<p>A taller 5 in post rack protector for visible, durable guarding at active rack rows and traffic lanes.</p><h3>Applications</h3><p>Distribution centres, warehouse aisles, pallet storage rows, rack ends, and forklift travel areas.</p>","Pro Steel Equipment","","Warehouse Safety","migration-2026, warehouse-safety, Rack Protection","FALSE","Title","Default Title","Fits 5 in post / 24 in H","shopify","deny","manual","70","TRUE","TRUE","https://vpmetals-shopify.vercel.app/images/catalog/safety/rack-protector-5x24-3ga.webp","1","Yellow 5 by 24 inch pallet rack protector","draft","Fits 5 in post / 24 in H","Distribution centres, warehouse aisles, pallet storage rows, rack ends, and forklift travel areas.","<ul><li><strong>Post fit:</strong> 5 in</li><li><strong>Height:</strong> 24 in</li><li><strong>Steel:</strong> 3 ga</li><li><strong>Finish:</strong> Powder coated</li><li><strong>Anchor bolt:</strong> 1/2 x 4 in, not included</li></ul>","<ul><li>Floor-mounted guard for rack upright impact zones</li><li>Heavy-duty steel construction</li><li>Powder-coated finish for warehouse and industrial environments</li><li>Designed for surface-mounted protection</li><li>Custom sizes are available on request</li></ul>","rack-protector-5x24-3ga"
"pallet-rack-guard-end-46x3x5","Pallet Rack Guard End - 46 x 3 x 5 in","<p>A heavy-duty guard end that protects rack runs and aisle ends from side impacts in warehouse traffic areas.</p><h3>Applications</h3><p>Pallet rack ends, aisle entries, forklift lanes, warehouse corners, and exposed storage-row protection.</p>","Pro Steel Equipment","","Warehouse Safety","migration-2026, warehouse-safety, Rack Protection, featured","FALSE","Title","Default Title","46 x 3 x 5 in","shopify","deny","manual","205","TRUE","TRUE","https://vpmetals-shopify.vercel.app/images/catalog/safety/pallet-rack-guard-end-46x3x5.webp","1","Yellow pallet rack guard end with low welded guard rail","draft","46 x 3 x 5 in","Pallet rack ends, aisle entries, forklift lanes, warehouse corners, and exposed storage-row protection.","<ul><li><strong>Fits post size:</strong> 4.5 in</li><li><strong>Dimensions:</strong> 46 L x 3 W x 5 H in</li><li><strong>Corner height:</strong> 8 in</li><li><strong>Steel:</strong> 3/8 in all-welded steel</li><li><strong>Anchor bolts:</strong> Included</li></ul>","<ul><li>Available for right-side or left-side placement</li><li>Extra heavy-duty welded steel construction</li><li>Heavy-duty steel construction</li><li>Powder-coated finish for warehouse and industrial environments</li><li>Designed for surface-mounted protection</li><li>Custom sizes are available on request</li></ul>","pallet-rack-guard-end-46x3x5"
"upright-protector-7x7x18","Upright Protector - 7 x 7 x 18 in","<p>A welded upright protector that guards rack posts, columns, and equipment corners against low-level industrial impact.</p><h3>Applications</h3><p>Rack uprights, warehouse columns, aisle ends, compact storage areas, and lower-post protection zones.</p>","Pro Steel Equipment","","Warehouse Safety","migration-2026, warehouse-safety, Rack Protection","FALSE","Title","Default Title","7 W x 7 D x 18 H in","shopify","deny","manual","55","TRUE","TRUE","https://vpmetals-shopify.vercel.app/images/catalog/safety/upright-protector-7x7x18.webp","1","Yellow 7 by 7 by 18 inch upright protector","draft","7 W x 7 D x 18 H in","Rack uprights, warehouse columns, aisle ends, compact storage areas, and lower-post protection zones.","<ul><li><strong>Width:</strong> 7 in</li><li><strong>Depth:</strong> 7 in</li><li><strong>Height:</strong> 18 in</li><li><strong>Steel:</strong> 3/8 in all-welded steel</li><li><strong>Anchor bolt:</strong> 1/2 x 4 in, not included</li></ul>","<ul><li>Compact wraparound post protection</li><li>Heavy-duty steel construction</li><li>Powder-coated finish for warehouse and industrial environments</li><li>Designed for surface-mounted protection</li><li>Custom sizes are available on request</li></ul>","upright-protector-7x7x18"
"upright-protector-7x7x12","Upright Protector - 7 x 7 x 12 in","<p>A compact upright protector for lower rack posts and exposed support points in busy material-handling areas.</p><h3>Applications</h3><p>Pallet rack posts, compact rack rows, warehouse columns, equipment corners, and low-level impact protection.</p>","Pro Steel Equipment","","Warehouse Safety","migration-2026, warehouse-safety, Rack Protection","FALSE","Title","Default Title","7 W x 7 D x 12 H in","shopify","deny","manual","45","TRUE","TRUE","https://vpmetals-shopify.vercel.app/images/catalog/safety/upright-protector-7x7x12.webp","1","Yellow 7 by 7 by 12 inch upright protector","draft","7 W x 7 D x 12 H in","Pallet rack posts, compact rack rows, warehouse columns, equipment corners, and low-level impact protection.","<ul><li><strong>Width:</strong> 7 in</li><li><strong>Depth:</strong> 7 in</li><li><strong>Height:</strong> 12 in</li><li><strong>Steel:</strong> 3/8 in all-welded steel</li><li><strong>Anchor bolt:</strong> 1/2 x 4 in, not included</li></ul>","<ul><li>Compact wraparound post protection</li><li>Heavy-duty steel construction</li><li>Powder-coated finish for warehouse and industrial environments</li><li>Designed for surface-mounted protection</li><li>Custom sizes are available on request</li></ul>","upright-protector-7x7x12"
"floor-angle-guard-warehouse-24x5x3","Floor Angle Guard - Warehouse 24 in","<p>A short floor angle guard for protecting vulnerable wall bases, edges, and floor-level equipment from impact.</p><h3>Applications</h3><p>Warehouse wall bases, machinery edges, dock areas, pedestrian boundaries, and compact floor-protection runs.</p>","Pro Steel Equipment","","Warehouse Safety","migration-2026, warehouse-safety, Floor Guards","FALSE","Title","Default Title","24 L x 5 H x 3 W in","shopify","deny","manual","100","TRUE","TRUE","https://vpmetals-shopify.vercel.app/images/catalog/safety/floor-angle-guard-warehouse-24x5x3.webp","1","Yellow 24 inch warehouse floor angle guard","draft","24 L x 5 H x 3 W in","Warehouse wall bases, machinery edges, dock areas, pedestrian boundaries, and compact floor-protection runs.","<ul><li><strong>Length:</strong> 24 in</li><li><strong>Height:</strong> 5 in</li><li><strong>Width:</strong> 3 in</li><li><strong>Steel:</strong> 3/8 in</li><li><strong>Anchor bolts:</strong> Included</li></ul>","<ul><li>Permanent installation for floor-level protection</li><li>Heavy-duty steel construction</li><li>Powder-coated finish for warehouse and industrial environments</li><li>Designed for surface-mounted protection</li><li>Custom sizes are available on request</li></ul>","floor-angle-guard-warehouse-24x5x3"
"floor-angle-guard-warehouse-48x5x3","Floor Angle Guard - Warehouse 48 in","<p>A 48 in floor guard for protecting wall runs, equipment bases, and lower warehouse edges from facility traffic.</p><h3>Applications</h3><p>Warehouse perimeters, production walls, dock lanes, floor-level machine protection, and aisle boundary marking.</p>","Pro Steel Equipment","","Warehouse Safety","migration-2026, warehouse-safety, Floor Guards","FALSE","Title","Default Title","48 L x 5 H x 3 W in","shopify","deny","manual","140","TRUE","TRUE","https://vpmetals-shopify.vercel.app/images/catalog/safety/floor-angle-guard-warehouse-48x5x3.webp","1","Yellow 48 inch warehouse floor angle guard","draft","48 L x 5 H x 3 W in","Warehouse perimeters, production walls, dock lanes, floor-level machine protection, and aisle boundary marking.","<ul><li><strong>Length:</strong> 48 in</li><li><strong>Height:</strong> 5 in</li><li><strong>Width:</strong> 3 in</li><li><strong>Steel:</strong> 3/8 in</li><li><strong>Anchor bolts:</strong> Included</li></ul>","<ul><li>Permanent installation for floor-level protection</li><li>Heavy-duty steel construction</li><li>Powder-coated finish for warehouse and industrial environments</li><li>Designed for surface-mounted protection</li><li>Custom sizes are available on request</li></ul>","floor-angle-guard-warehouse-48x5x3"
"floor-angle-guard-warehouse-60x5x3","Floor Angle Guard - Warehouse 60 in","<p>A medium-length warehouse floor guard for building continuous low-level protection around high-use areas.</p><h3>Applications</h3><p>Production areas, rack rows, wall bases, storage perimeters, and traffic-facing facility edges.</p>","Pro Steel Equipment","","Warehouse Safety","migration-2026, warehouse-safety, Floor Guards","FALSE","Title","Default Title","60 L x 5 H x 3 W in","shopify","deny","manual","190","TRUE","TRUE","https://vpmetals-shopify.vercel.app/images/catalog/safety/floor-angle-guard-warehouse-60x5x3.webp","1","Yellow 60 inch warehouse floor angle guard","draft","60 L x 5 H x 3 W in","Production areas, rack rows, wall bases, storage perimeters, and traffic-facing facility edges.","<ul><li><strong>Length:</strong> 60 in</li><li><strong>Height:</strong> 5 in</li><li><strong>Width:</strong> 3 in</li><li><strong>Steel:</strong> 3/8 in</li><li><strong>Anchor bolts:</strong> Included</li></ul>","<ul><li>Permanent installation for floor-level protection</li><li>Heavy-duty steel construction</li><li>Powder-coated finish for warehouse and industrial environments</li><li>Designed for surface-mounted protection</li><li>Custom sizes are available on request</li></ul>","floor-angle-guard-warehouse-60x5x3"
"floor-angle-guard-warehouse-96x5x3","Floor Angle Guard - Warehouse 96 in","<p>A long 96 in floor angle guard for protecting extended warehouse edges, walls, and traffic-facing equipment bases.</p><h3>Applications</h3><p>Warehouse walls, dock approaches, equipment lines, storage-zone boundaries, and long floor-protection runs.</p>","Pro Steel Equipment","","Warehouse Safety","migration-2026, warehouse-safety, Floor Guards","FALSE","Title","Default Title","96 L x 5 H x 3 W in","shopify","deny","manual","300","TRUE","TRUE","https://vpmetals-shopify.vercel.app/images/catalog/safety/floor-angle-guard-warehouse-96x5x3.webp","1","Yellow 96 inch warehouse floor angle guard","draft","96 L x 5 H x 3 W in","Warehouse walls, dock approaches, equipment lines, storage-zone boundaries, and long floor-protection runs.","<ul><li><strong>Length:</strong> 96 in</li><li><strong>Height:</strong> 5 in</li><li><strong>Width:</strong> 3 in</li><li><strong>Steel:</strong> 3/8 in</li><li><strong>Anchor bolts:</strong> Included</li></ul>","<ul><li>Permanent installation for floor-level protection</li><li>Heavy-duty steel construction</li><li>Powder-coated finish for warehouse and industrial environments</li><li>Designed for surface-mounted protection</li><li>Custom sizes are available on request</li></ul>","floor-angle-guard-warehouse-96x5x3"
"floor-angle-guard-warehouse-120x5x3","Floor Angle Guard - Warehouse 120 in","<p>A 120 in floor angle guard for creating extended, durable protection along high-traffic warehouse walls and equipment runs.</p><h3>Applications</h3><p>Long warehouse perimeters, loading areas, production boundaries, rack-line edges, and high-traffic facility layouts.</p>","Pro Steel Equipment","","Warehouse Safety","migration-2026, warehouse-safety, Floor Guards, featured","FALSE","Title","Default Title","120 L x 5 H x 3 W in","shopify","deny","manual","360","TRUE","TRUE","https://vpmetals-shopify.vercel.app/images/catalog/safety/floor-angle-guard-warehouse-120x5x3.webp","1","Yellow 120 inch warehouse floor angle guard","draft","120 L x 5 H x 3 W in","Long warehouse perimeters, loading areas, production boundaries, rack-line edges, and high-traffic facility layouts.","<ul><li><strong>Length:</strong> 120 in</li><li><strong>Height:</strong> 5 in</li><li><strong>Width:</strong> 3 in</li><li><strong>Steel:</strong> 3/8 in</li><li><strong>Anchor bolts:</strong> Included</li></ul>","<ul><li>Permanent installation for floor-level protection</li><li>Heavy-duty steel construction</li><li>Powder-coated finish for warehouse and industrial environments</li><li>Designed for surface-mounted protection</li><li>Custom sizes are available on request</li></ul>","floor-angle-guard-warehouse-120x5x3"
"anti-theft-parking-bollard-collapsible","Anti-Theft Parking Bollard - Collapsible","<p>A hinged collapsible bollard for reserving parking spaces, controlling access, and adding removable vehicle deterrence.</p><h3>Applications</h3><p>Parking spaces, commercial lots, loading areas, restricted-access lanes, private driveways, and vehicle-control points.</p>","Pro Steel Equipment","","Warehouse Safety","migration-2026, warehouse-safety, Parking Bollards, featured","FALSE","Title","Default Title","Collapsible parking bollard","shopify","deny","manual","306","TRUE","TRUE","https://vpmetals-shopify.vercel.app/images/catalog/safety/anti-theft-parking-bollard-collapsible.webp","1","Yellow collapsible anti-theft parking bollard with base plate","draft","Collapsible parking bollard","Parking spaces, commercial lots, loading areas, restricted-access lanes, private driveways, and vehicle-control points.","<ul><li><strong>Outer diameter:</strong> 5 in</li><li><strong>Height:</strong> 36 in upright / 3.5 in folded</li><li><strong>Base:</strong> 10.5 x 8 x 3.5 in</li><li><strong>Base plate:</strong> 0.55 in</li><li><strong>Anchor bolt:</strong> 1/2 x 4 in, not included</li></ul>","<ul><li>Two-direction hinged bollard folds at 90 degrees</li><li>Surface-mount installation without core drilling or excavation</li><li>Low folded profile for vehicle clearance</li><li>Heavy-duty steel construction</li><li>Powder-coated finish for warehouse and industrial environments</li><li>Designed for surface-mounted protection</li><li>Custom sizes are available on request</li></ul>","anti-theft-parking-bollard-collapsible"
